{
  "package_id": "nba_model_20260317T031339Z",
  "created_at_utc": "20260317T031339Z",
  "model_path": "ml/packaging/packages/nba_model_20260317T031339Z/model.joblib",
  "threshold": 0.5,
  "features": [
    "GP",
    "MIN",
    "PTS",
    "FGM",
    "FGA",
    "FG%",
    "FTM",
    "FTA",
    "FT%",
    "REB",
    "PTS_per_MIN",
    "FGM_per_FGA",
    "FT_rate",
    "Usage_proxy",
    "REB_per_MIN"
  ],
  "target_col": "TARGET_5Yrs",
  "metrics": {
    "selection_summary": {
      "best_model_name": "xgb",
      "best_variant": "optuna",
      "comparison_score_train_cv": 0.6955988318297477,
      "best_threshold": 0.5
    },
    "evaluation": {
      "threshold_used": 0.5,
      "metrics_default": {
        "f1": 0.743202416918429,
        "roc_auc": 0.7201920192019202,
        "average_precision": 0.801027762897092,
        "classification_report": {
          "0": {
            "precision": 0.58,
            "recall": 0.5742574257425742,
            "f1-score": 0.5771144278606964,
            "support": 101.0
          },
          "1": {
            "precision": 0.7409638554216867,
            "recall": 0.7454545454545455,
            "f1-score": 0.743202416918429,
            "support": 165.0
          },
          "accuracy": 0.6804511278195489,
          "macro avg": {
            "precision": 0.6604819277108434,
            "recall": 0.6598559855985598,
            "f1-score": 0.6601584223895627,
            "support": 266.0
          },
          "weighted avg": {
            "precision": 0.6798460005435274,
            "recall": 0.6804511278195489,
            "f1-score": 0.6801389323513952,
            "support": 266.0
          }
        }
      },
      "metrics_tuned": {
        "f1": 0.743202416918429,
        "roc_auc": 0.7201920192019202,
        "average_precision": 0.801027762897092,
        "classification_report": {
          "0": {
            "precision": 0.58,
            "recall": 0.5742574257425742,
            "f1-score": 0.5771144278606964,
            "support": 101.0
          },
          "1": {
            "precision": 0.7409638554216867,
            "recall": 0.7454545454545455,
            "f1-score": 0.743202416918429,
            "support": 165.0
          },
          "accuracy": 0.6804511278195489,
          "macro avg": {
            "precision": 0.6604819277108434,
            "recall": 0.6598559855985598,
            "f1-score": 0.6601584223895627,
            "support": 266.0
          },
          "weighted avg": {
            "precision": 0.6798460005435274,
            "recall": 0.6804511278195489,
            "f1-score": 0.6801389323513952,
            "support": 266.0
          }
        }
      }
    }
  },
  "config_path": "ml/configs/model.yaml"
}