{
  "package_id": "nba_model_20260313T000101Z",
  "created_at_utc": "20260313T000101Z",
  "model_path": "ml/packaging/packages/nba_model_20260313T000101Z/model.joblib",
  "threshold": 0.53,
  "features": [
    "GP",
    "MIN",
    "PTS",
    "FGM",
    "FGA",
    "FG%",
    "FTM",
    "FTA",
    "FT%",
    "REB",
    "PTS_per_MIN",
    "FGM_per_FGA",
    "FT_rate",
    "Usage_proxy",
    "REB_per_MIN"
  ],
  "target_col": "TARGET_5Yrs",
  "metrics": {
    "selection_summary": {
      "best_model_name": "xgb",
      "best_variant": "optuna",
      "comparison_score_train_cv": 0.6929845100710241,
      "best_threshold": 0.53
    },
    "evaluation": {
      "threshold_used": 0.53,
      "metrics_default": {
        "f1": 0.7499999999999999,
        "roc_auc": 0.7349534953495348,
        "average_precision": 0.8122961277577914,
        "classification_report": {
          "0": {
            "precision": 0.5894736842105263,
            "recall": 0.5544554455445545,
            "f1-score": 0.5714285714285714,
            "support": 101.0
          },
          "1": {
            "precision": 0.7368421052631579,
            "recall": 0.7636363636363637,
            "f1-score": 0.7499999999999999,
            "support": 165.0
          },
          "accuracy": 0.6842105263157895,
          "macro avg": {
            "precision": 0.6631578947368421,
            "recall": 0.6590459045904591,
            "f1-score": 0.6607142857142856,
            "support": 266.0
          },
          "weighted avg": {
            "precision": 0.6808864265927977,
            "recall": 0.6842105263157895,
            "f1-score": 0.6821965628356605,
            "support": 266.0
          }
        }
      },
      "metrics_tuned": {
        "f1": 0.7537993920972644,
        "roc_auc": 0.7349534953495348,
        "average_precision": 0.8122961277577914,
        "classification_report": {
          "0": {
            "precision": 0.5980392156862745,
            "recall": 0.6039603960396039,
            "f1-score": 0.6009852216748768,
            "support": 101.0
          },
          "1": {
            "precision": 0.7560975609756098,
            "recall": 0.7515151515151515,
            "f1-score": 0.7537993920972644,
            "support": 165.0
          },
          "accuracy": 0.6954887218045113,
          "macro avg": {
            "precision": 0.6770683883309421,
            "recall": 0.6777377737773778,
            "f1-score": 0.6773923068860705,
            "support": 266.0
          },
          "weighted avg": {
            "precision": 0.6960829261101102,
            "recall": 0.6954887218045113,
            "f1-score": 0.6957759664857562,
            "support": 266.0
          }
        }
      }
    }
  },
  "config_path": "ml/configs/model.yaml"
}